{
  "env_name":"Breakout-v0",
  "state_size": [4,64,64],
  "action_size": 4,
  "decay_epsilon": 0.999,

  "agent": {
            "algorithm": "DQN",
            "num_of_layers": 2,
            "filter_size": 32,
            "kernel_size": 3,
            "padding": 1,
            "activation": "relu",
            "normalization": "True",
            "fully_connected_size":256,
            "load_path" : "None",
            "state_size": [4,64,64],
            "action_size": 4,
            "device": "cuda:0"},


  "run_episode": 10000,
  "start_episode": 50,
  "update_step": 1000,
  "show_episode": 10,

  "size_replay_memory": 50000,
  "batch_size": 64,

  "optimizer": {
    "name":"adam",
    "learning_rate": 1e-4,
    "weight_decay": 5e-4,
    "momentum": "None",
    "eps": 0.00001
  },
  "discount_factor": 0.99,

  "save_path": "./save/01_DQN/",
  "load_path":"None",

  "is_gpu": "True",
  "gpu_name": "cuda:0",
  "Exploration_method": "e_greedy",
  "epsilon_min": 0.01,
  "epsilon": 1.0,
  "inference_mode": "False",
  "render_mode": "True"
}
