{
  "env_name":"Breakout-v0",
  "state_size": [4,64,64],
  "action_size": 4,
  "decay_epsilon": 0.995,

  "agent": {
            "algorithm": "DQN",
            "num_of_layers": 2,
            "filter_size": 32,
            "kernel_size": 3,
            "padding": 1,
            "activation": "leaky_relu",
            "normalization": "True",
            "fully_connected_size":128,
            "bias" :"False"
  },


  "run_step": 1000000,
  "start_step": 1000,
  "update_step": 1000,
  "show_episode": 5,

  "size_replay_memory": 1000000,
  "batch_size": 512,

  "optimizer": {
    "name":"adam",
    "learning_rate": 1e-3,
    "weight_decay": 5e-4,
    "momentum": "None",
    "eps": 0.00001
  },
  "discount_factor": 0.99,

  "save_path": "./save/01_DQN/",
  "load_path":"None",

  "is_gpu": "True",
  "gpu_name": "cuda:0",
  "Exploration_method": "e_greedy",
  "epsilon_min": 0.01,
  "epsilon": 1.0,
  "inference_mode": "False",
  "render_mode": "False"
}